;0
0;C0000727
1;C0000731
2;C0000737
3;C0000786
4;C0000809
5;C0001122
6;C0001127
7;C0001824
8;C0001883
9;C0001925
10;C0002064
11;C0002170
12;C0002416
13;C0002418
14;C0002453
15;C0002622
16;C0002726
17;C0002871
18;C0002878
19;C0002880
20;C0002888
21;C0002962
22;C0003123
23;C0003126
24;C0003460
25;C0003467
26;C0003486
27;C0003537
28;C0003706
29;C0003811
30;C0003862
31;C0003864
32;C0003962
33;C0004093
34;C0004134
35;C0004238
36;C0004339
37;C0004352
38;C0004377
39;C0004604
40;C0004769
41;C0005682
42;C0005699
43;C0005758
44;C0005959
45;C0006057
46;C0006114
47;C0006157
48;C0006266
49;C0006267
50;C0006277
51;C0006285
52;C0006318
53;C0006370
54;C0006444
55;C0006625
56;C0006664
57;C0006840
58;C0007177
59;C0007398
60;C0007642
61;C0007758
62;C0007787
63;C0007859
64;C0007860
65;C0007971
66;C0008031
67;C0008033
68;C0008301
69;C0008350
70;C0008370
71;C0008767
72;C0009024
73;C0009080
74;C0009402
75;C0009421
76;C0009443
77;C0009676
78;C0009677
79;C0009763
80;C0009806
81;C0010043
82;C0010200
83;C0010201
84;C0010520
85;C0010692
86;C0010828
87;C0011168
88;C0011175
89;C0011253
90;C0011334
91;C0011551
92;C0011570
93;C0011606
94;C0011608
95;C0011615
96;C0011616
97;C0011620
98;C0011633
99;C0011644
100;C0011991
101;C0012556
102;C0012569
103;C0012739
104;C0012766
105;C0012798
106;C0012833
107;C0013132
108;C0013144
109;C0013312
110;C0013362
111;C0013384
112;C0013390
113;C0013395
114;C0013404
115;C0013415
116;C0013428
117;C0013456
118;C0013491
119;C0013528
120;C0013595
121;C0013604
122;C0013911
123;C0013922
124;C0013990
125;C0014034
126;C0014118
127;C0014306
128;C0014394
129;C0014457
130;C0014544
131;C0014583
132;C0014591
133;C0014724
134;C0014743
135;C0014745
136;C0014804
137;C0014868
138;C0014869
139;C0015230
140;C0015231
141;C0015300
142;C0015397
143;C0015672
144;C0015695
145;C0015934
146;C0015967
147;C0016059
148;C0016167
149;C0016199
150;C0016202
151;C0016204
152;C0016205
153;C0016242
154;C0016330
155;C0016382
156;C0016412
157;C0016479
158;C0016512
159;C0016579
160;C0016658
161;C0016663
162;C0016842
163;C0016927
164;C0017152
165;C0017181
166;C0017565
167;C0017574
168;C0017658
169;C0017672
170;C0017979
171;C0018021
172;C0018418
173;C0018520
174;C0018524
175;C0018681
176;C0018777
177;C0018800
178;C0018801
179;C0018808
180;C0018834
181;C0018862
182;C0018924
183;C0018926
184;C0018932
185;C0018944
186;C0018965
187;C0018989
188;C0018991
189;C0019054
190;C0019079
191;C0019080
192;C0019087
193;C0019114
194;C0019158
195;C0019189
196;C0019209
197;C0019214
198;C0019521
199;C0019572
200;C0019825
201;C0020175
202;C0020224
203;C0020255
204;C0020303
205;C0020437
206;C0020440
207;C0020443
208;C0020452
209;C0020458
210;C0020461
211;C0020473
212;C0020476
213;C0020488
214;C0020532
215;C0020538
216;C0020542
217;C0020555
218;C0020557
219;C0020578
220;C0020580
221;C0020598
222;C0020615
223;C0020619
224;C0020621
225;C0020625
226;C0020639
227;C0020649
228;C0020672
229;C0020678
230;C0021038
231;C0021167
232;C0021359
233;C0021847
234;C0022073
235;C0022081
236;C0022107
237;C0022116
238;C0022346
239;C0022354
240;C0022492
241;C0022504
242;C0022568
243;C0022660
244;C0022821
245;C0022822
246;C0023052
247;C0023067
248;C0023211
249;C0023212
250;C0023222
251;C0023380
252;C0023518
253;C0023530
254;C0023531
255;C0023890
256;C0024031
257;C0024103
258;C0024110
259;C0024143
260;C0024282
261;C0024312
262;C0024523
263;C0024904
264;C0025007
265;C0025160
266;C0025164
267;C0025222
268;C0025287
269;C0025289
270;C0025309
271;C0025323
272;C0025874
273;C0026034
274;C0026205
275;C0026266
276;C0026267
277;C0026470
278;C0026635
279;C0026821
280;C0026827
281;C0026838
282;C0026846
283;C0026848
284;C0026884
285;C0026946
286;C0026961
287;C0027051
288;C0027059
289;C0027066
290;C0027080
291;C0027092
292;C0027121
293;C0027145
294;C0027429
295;C0027497
296;C0027498
297;C0027697
298;C0027709
299;C0027726
300;C0027769
301;C0027947
302;C0028077
303;C0028081
304;C0028084
305;C0028643
306;C0028734
307;C0028738
308;C0028778
309;C0028961
310;C0029053
311;C0029089
312;C0029124
313;C0029134
314;C0029443
315;C0029456
316;C0029877
317;C0029882
318;C0029883
319;C0030193
320;C0030232
321;C0030252
322;C0030270
323;C0030293
324;C0030312
325;C0030318
326;C0030353
327;C0030486
328;C0030552
329;C0030554
330;C0030583
331;C0030587
332;C0031039
333;C0031046
334;C0031099
335;C0031117
336;C0031154
337;C0031157
338;C0031256
339;C0031350
340;C0032227
341;C0032231
342;C0032285
343;C0032326
344;C0032541
345;C0032617
346;C0032739
347;C0032781
348;C0032961
349;C0033246
350;C0033377
351;C0033581
352;C0033687
353;C0033774
354;C0033775
355;C0033802
356;C0033860
357;C0033975
358;C0034063
359;C0034067
360;C0034069
361;C0034072
362;C0034079
363;C0034150
364;C0034642
365;C0034734
366;C0034880
367;C0034888
368;C0034941
369;C0035078
370;C0035085
371;C0035229
372;C0035243
373;C0035339
374;C0035410
375;C0035423
376;C0035455
377;C0035508
378;C0036396
379;C0036439
380;C0036454
381;C0036508
382;C0036572
383;C0036665
384;C0036749
385;C0036974
386;C0036980
387;C0037036
388;C0037199
389;C0037383
390;C0037384
391;C0037580
392;C0037763
393;C0037822
394;C0038002
395;C0038218
396;C0038238
397;C0038358
398;C0038362
399;C0038363
400;C0038450
401;C0038454
402;C0038990
403;C0038999
404;C0039070
405;C0039128
406;C0039239
407;C0039520
408;C0039614
409;C0039621
410;C0040034
411;C0040252
412;C0040264
413;C0040425
414;C0040440
415;C0040586
416;C0040822
417;C0040961
418;C0040997
419;C0041657
420;C0041667
421;C0041834
422;C0041976
423;C0042023
424;C0042024
425;C0042109
426;C0042164
427;C0042165
428;C0042167
429;C0042341
430;C0042345
431;C0042384
432;C0042396
433;C0042510
434;C0042514
435;C0042571
436;C0042755
437;C0042847
438;C0042880
439;C0042963
440;C0043046
441;C0043094
442;C0043096
443;C0043144
444;C0043167
445;C0043251
446;C0079238
447;C0079581
448;C0080274
449;C0085298
450;C0085435
451;C0085577
452;C0085582
453;C0085584
454;C0085593
455;C0085602
456;C0085606
457;C0085610
458;C0085612
459;C0085615
460;C0085616
461;C0085619
462;C0085624
463;C0085628
464;C0085631
465;C0085632
466;C0085635
467;C0085636
468;C0085639
469;C0085642
470;C0085652
471;C0085655
472;C0085657
473;C0085662
474;C0085666
475;C0085702
476;C0086438
477;C0086439
478;C0086565
479;C0086625
480;C0149651
481;C0149696
482;C0149707
483;C0149745
484;C0149746
485;C0149758
486;C0149793
487;C0149931
488;C0150041
489;C0150045
490;C0150988
491;C0151315
492;C0151435
493;C0151514
494;C0151578
495;C0151636
496;C0151654
497;C0151701
498;C0151706
499;C0151786
500;C0151818
501;C0151825
502;C0151827
503;C0151859
504;C0151878
505;C0151889
506;C0151908
507;C0152025
508;C0152032
509;C0152169
510;C0152250
511;C0152445
512;C0152459
513;C0154251
514;C0155540
515;C0155765
516;C0155773
517;C0156195
518;C0156312
519;C0156543
520;C0157738
521;C0158731
522;C0159054
523;C0159060
524;C0162297
525;C0162316
526;C0162323
527;C0162834
528;C0192389
529;C0193388
530;C0201973
531;C0202113
532;C0205254
533;C0205400
534;C0206061
535;C0206160
536;C0220870
537;C0220983
538;C0221021
539;C0221036
540;C0221150
541;C0221151
542;C0221166
543;C0221198
544;C0221201
545;C0221204
546;C0221232
547;C0221244
548;C0221245
549;C0221260
550;C0221278
551;C0221281
552;C0221328
553;C0221347
554;C0221358
555;C0221470
556;C0221512
557;C0224176
558;C0231187
559;C0231218
560;C0231221
561;C0231230
562;C0231441
563;C0231528
564;C0231530
565;C0231687
566;C0231690
567;C0231807
568;C0231835
569;C0231872
570;C0231890
571;C0231912
572;C0232118
573;C0232201
574;C0232257
575;C0232258
576;C0232267
577;C0232292
578;C0232462
579;C0232488
580;C0232498
581;C0232517
582;C0232602
583;C0232605
584;C0232695
585;C0232726
586;C0232766
587;C0232854
588;C0232894
589;C0232943
590;C0232995
591;C0232997
592;C0233070
593;C0233071
594;C0233308
595;C0233407
596;C0233467
597;C0233481
598;C0233492
599;C0233565
600;C0233612
601;C0233647
602;C0233682
603;C0233686
604;C0233687
605;C0233688
606;C0233754
607;C0233762
608;C0233763
609;C0233844
610;C0234133
611;C0234215
612;C0234222
613;C0234233
614;C0234238
615;C0234253
616;C0234376
617;C0234379
618;C0234450
619;C0234488
620;C0234518
621;C0234544
622;C0234866
623;C0234906
624;C0234979
625;C0235106
626;C0235129
627;C0235146
628;C0235198
629;C0235231
630;C0235250
631;C0235267
632;C0235396
633;C0235477
634;C0235499
635;C0235527
636;C0235532
637;C0235634
638;C0235704
639;C0235710
640;C0235886
641;C0235983
642;C0235999
643;C0236018
644;C0236171
645;C0237154
646;C0237304
647;C0238457
648;C0238705
649;C0238844
650;C0239110
651;C0239133
652;C0239134
653;C0239161
654;C0239233
655;C0239301
656;C0239324
657;C0239571
658;C0239779
659;C0239832
660;C0239937
661;C0239981
662;C0240100
663;C0240233
664;C0240595
665;C0240735
666;C0240773
667;C0240805
668;C0240813
669;C0240962
670;C0241157
671;C0241158
672;C0241235
673;C0241252
674;C0241262
675;C0241526
676;C0241705
677;C0242073
678;C0242143
679;C0242184
680;C0242301
681;C0242350
682;C0242422
683;C0242429
684;C0242453
685;C0242490
686;C0243026
687;C0260662
688;C0262581
689;C0263338
690;C0263661
691;C0264273
692;C0264576
693;C0264686
694;C0264886
695;C0265004
696;C0265610
697;C0267072
698;C0267821
699;C0270844
700;C0271202
701;C0271276
702;C0271355
703;C0271650
704;C0277794
705;C0277797
706;C0277799
707;C0277823
708;C0277845
709;C0277873
710;C0277899
711;C0277977
712;C0278014
713;C0278141
714;C0278146
715;C0281778
716;C0281825
717;C0311277
718;C0311395
719;C0312422
720;C0332573
721;C0332575
722;C0332601
723;C0332610
724;C0333942
725;C0337672
726;C0338656
727;C0340464
728;C0342151
729;C0342952
730;C0344232
731;C0344306
732;C0344315
733;C0347938
734;C0375553
735;C0376175
736;C0376288
737;C0376405
738;C0392156
739;C0392162
740;C0392178
741;C0392315
742;C0392452
743;C0392477
744;C0392525
745;C0392674
746;C0392680
747;C0392684
748;C0392699
749;C0392701
750;C0398623
751;C0401151
752;C0406191
753;C0406500
754;C0409495
755;C0423571
756;C0423600
757;C0423602
758;C0423982
759;C0424000
760;C0424068
761;C0424092
762;C0424109
763;C0424230
764;C0424295
765;C0424337
766;C0424530
767;C0424605
768;C0424749
769;C0424790
770;C0425251
771;C0425449
772;C0425488
773;C0425491
774;C0425560
775;C0425945
776;C0426824
777;C0427008
778;C0427055
779;C0427108
780;C0427544
781;C0427629
782;C0427855
783;C0428977
784;C0429091
785;C0429562
786;C0436331
787;C0438237
788;C0438696
789;C0438716
790;C0442739
791;C0443260
792;C0455204
793;C0455769
794;C0456091
795;C0456909
796;C0456973
797;C0457096
798;C0457097
799;C0474395
800;C0474505
801;C0476273
802;C0476287
803;C0478120
804;C0478124
805;C0478132
806;C0478875
807;C0494305
808;C0494562
809;C0495672
810;C0495673
811;C0497156
812;C0497194
813;C0497406
814;C0518656
815;C0520459
816;C0520546
817;C0520886
818;C0520887
819;C0520888
820;C0520966
821;C0521516
822;C0522224
823;C0522336
824;C0525027
825;C0541798
826;C0541911
827;C0541977
828;C0541992
829;C0542044
830;C0542073
831;C0542142
832;C0542247
833;C0542571
834;C0544864
835;C0546817
836;C0546956
837;C0547030
838;C0549099
839;C0549483
840;C0549493
841;C0553668
842;C0553702
843;C0553980
844;C0554980
845;C0556346
846;C0557075
847;C0558089
848;C0558141
849;C0558143
850;C0558195
851;C0558261
852;C0558361
853;C0559546
854;C0574960
855;C0575081
856;C0575805
857;C0576456
858;C0577559
859;C0577979
860;C0578150
861;C0578859
862;C0581911
863;C0581912
864;C0596624
865;C0600142
866;C0600177
867;C0677500
868;C0694547
869;C0694551
870;C0700198
871;C0700292
872;C0702118
873;C0702266
874;C0728899
875;C0740394
876;C0740844
877;C0740880
878;C0741302
879;C0741494
880;C0742985
881;C0743323
882;C0743482
883;C0743912
884;C0744492
885;C0744727
886;C0744740
887;C0746619
888;C0748706
889;C0751229
890;C0751466
891;C0751495
892;C0836924
893;C0847488
894;C0848168
895;C0848277
896;C0848340
897;C0848621
898;C0850149
899;C0851578
900;C0852361
901;C0852415
902;C0852418
903;C0852553
904;C0852968
905;C0854113
906;C0854171
907;C0854330
908;C0856054
909;C0857087
910;C0857199
911;C0857217
912;C0857256
913;C0857375
914;C0857516
915;C0857794
916;C0858867
917;C0858924
918;C0859032
919;C0859870
920;C0860096
921;C0870082
922;C0871754
923;C0872410
924;C0877040
925;C0917799
926;C0917801
927;C0919671
928;C0920048
929;C0920063
930;C0947622
931;C0947757
932;C0947912
933;C0947927
934;C0948783
935;C0948786
936;C0948824
937;C0948840
938;C1096426
939;C1096446
940;C1096646
941;C1112468
942;C1135120
943;C1136085
944;C1141969
945;C1142004
946;C1142109
947;C1142277
948;C1142446
949;C1167754
950;C1168162
951;C1168392
952;C1257843
953;C1258215
954;C1260880
955;C1260922
956;C1269955
957;C1273573
958;C1291077
959;C1291692
960;C1299586
961;C1305739
962;C1306862
963;C1313921
964;C1321756
965;C1321898
966;C1384489
967;C1384606
968;C1384666
969;C1391732
970;C1405524
971;C1444773
972;C1510471
973;C1511606
974;C1513183
975;C1517205
976;C1522133
977;C1527344
978;C1527405
979;C1565489
980;C1622418
981;C1623038
982;C1695782
983;C1697844
984;C1704272
985;C1704374
986;C1706559
987;C1737242
988;C1739421
989;C1744601
990;C1859270
991;C1868917
992;C1868945
993;C1956311
994;C1956414
995;C1963891
996;C1963913
997;C2004489
998;C2363726
999;C2363736
1000;C2363872
1001;C2363911
1002;C2609241
1003;C2721728
1004;C2939175
1005;C2981158
1006;C3203358
1007;C3203485
1008;C3203595
1009;C3494422
1010;C3714552
1011;C3714614
1012;C3714745
1013;C3887611
1014;C4049320
1015;C4082299
